group_id,group_label,distributor_id,sigagente,nomagente,distributor_name_sig,distributor_name_legal,distributor_label,distributor_count,selector_enabled
amazonas,Grupo Amazonas,amazonas_energia,Amazonas Energia,AMAZONAS ENERGIA S.A.,Amazonas Energia,AMAZONAS ENERGIA S.A.,Amazonas Energia — AMAZONAS ENERGIA S.A.,1,False
castro_dis,Grupo Castro DIS,castro_dis,Castro-Dis,COOPERATIVA DE DISTRIBUIÇÃO DE ENERGIA ELÉTRICA DE CASTRO,Castro-Dis,COOPERATIVA DE DISTRIBUIÇÃO DE ENERGIA ELÉTRICA DE CASTRO,Castro-Dis — COOPERATIVA DE DISTRIBUIÇÃO DE ENERGIA ELÉTRICA DE CASTRO,1,False
cedrap,Grupo Cedrap,cedrap,Cedrap,COOPERATIVA DE ELETRIFICAÇÃO DA REGIÃO DO ALTO DA PARAÍBA,Cedrap,COOPERATIVA DE ELETRIFICAÇÃO DA REGIÃO DO ALTO DA PARAÍBA,Cedrap — COOPERATIVA DE ELETRIFICAÇÃO DA REGIÃO DO ALTO DA PARAÍBA,1,False
cedri,Grupo Cedri,cedri,Cedri,COOPERATIVA DE ELETRIFICAÇÃO E DISTRIBUIÇÃO DA REGIÃO DE ITARIRI,Cedri,COOPERATIVA DE ELETRIFICAÇÃO E DISTRIBUIÇÃO DA REGIÃO DE ITARIRI,Cedri — COOPERATIVA DE ELETRIFICAÇÃO E DISTRIBUIÇÃO DA REGIÃO DE ITARIRI,1,False
cegero,Grupo Cegero,cegero,Cegero,COOPERATIVA DE ELETRICIDADE DE SÃO LUDGERO,Cegero,COOPERATIVA DE ELETRICIDADE DE SÃO LUDGERO,Cegero — COOPERATIVA DE ELETRICIDADE DE SÃO LUDGERO,1,False
cejama,Grupo Cejama,cejama,Cejama,COOPERATIVA DE ELETRICIDADE JACINTO MACHADO,Cejama,COOPERATIVA DE ELETRICIDADE JACINTO MACHADO,Cejama — COOPERATIVA DE ELETRICIDADE JACINTO MACHADO,1,False
celesc_dis,Grupo Celesc DIS,celesc_dis,Celesc-Dis,CELESC DISTRIBUIÇÃO S.A.,Celesc-Dis,CELESC DISTRIBUIÇÃO S.A.,Celesc-Dis — CELESC DISTRIBUIÇÃO S.A.,1,False
celetro,Grupo Celetro,celetro,Celetro,COOPERATIVA DE ELETRIFICAÇÃO CENTRO JACUÍ LTDA.,Celetro,COOPERATIVA DE ELETRIFICAÇÃO CENTRO JACUÍ LTDA.,Celetro — COOPERATIVA DE ELETRIFICAÇÃO CENTRO JACUÍ LTDA.,1,False
cemig_d,Grupo Cemig D,cemig_d,Cemig-D,CEMIG DISTRIBUIÇÃO S.A.,Cemig-D,CEMIG DISTRIBUIÇÃO S.A.,Cemig-D — CEMIG DISTRIBUIÇÃO S.A.,1,False
cemirim,Grupo Cemirim,cemirim,Cemirim,COOPERATIVA DE ELETRIFICAÇÃO E DESENVOLVIMENTO DA REGIÃO DE MOGI MIRIM,Cemirim,COOPERATIVA DE ELETRIFICAÇÃO E DESENVOLVIMENTO DA REGIÃO DE MOGI MIRIM,Cemirim — COOPERATIVA DE ELETRIFICAÇÃO E DESENVOLVIMENTO DA REGIÃO DE MOGI MIRIM,1,False
ceprag,Grupo Ceprag,ceprag,Ceprag,COOPERATIVA DE ELETRICIDADE PRAIA GRANDE,Ceprag,COOPERATIVA DE ELETRICIDADE PRAIA GRANDE,Ceprag — COOPERATIVA DE ELETRICIDADE PRAIA GRANDE,1,False
ceraca,Grupo Ceraca,ceraca,Ceraçá,COOPERATIVA DISTRIBUIDORA DE ENERGIA VALE DO ARAÇÁ,Ceraçá,COOPERATIVA DISTRIBUIDORA DE ENERGIA VALE DO ARAÇÁ,Ceraçá — COOPERATIVA DISTRIBUIDORA DE ENERGIA VALE DO ARAÇÁ,1,False
ceral,Grupo Ceral,ceral_anitapolis,Ceral Anitápolis,COOPERATIVA DE DISTRIBUIÇÃO DE ENERGIA ELÉTRICA DE ANITÁPOLIS,Ceral Anitápolis,COOPERATIVA DE DISTRIBUIÇÃO DE ENERGIA ELÉTRICA DE ANITÁPOLIS,Ceral Anitápolis — COOPERATIVA DE DISTRIBUIÇÃO DE ENERGIA ELÉTRICA DE ANITÁPOLIS,2,True
ceral,Grupo Ceral,ceral_araruama,Ceral Araruama,COOPERATIVA DE ELETRIFICAÇÃO RURAL DE ARARUAMA,Ceral Araruama,COOPERATIVA DE ELETRIFICAÇÃO RURAL DE ARARUAMA,Ceral Araruama — COOPERATIVA DE ELETRIFICAÇÃO RURAL DE ARARUAMA,2,True
cerbranorte,Grupo Cerbranorte,cerbranorte,Cerbranorte,COOPERATIVA DE ELETRIFICAÇÃO DE BRAÇO DO NORTE,Cerbranorte,COOPERATIVA DE ELETRIFICAÇÃO DE BRAÇO DO NORTE,Cerbranorte — COOPERATIVA DE ELETRIFICAÇÃO DE BRAÇO DO NORTE,1,False
cerci,Grupo Cerci,cerci,Cerci,COOPERATIVA DE ELETRIFICAÇÃO RURAL CACHOEIRAS- ITABORAÍ LTDA,Cerci,COOPERATIVA DE ELETRIFICAÇÃO RURAL CACHOEIRAS- ITABORAÍ LTDA,Cerci — COOPERATIVA DE ELETRIFICAÇÃO RURAL CACHOEIRAS- ITABORAÍ LTDA,1,False
cercos,Grupo Cercos,cercos,Cercos,COOPERATIVA DE ELETRIFICAÇÃO E DESENVOLVIMENTO RURAL CENTRO SUL DE SERGIPE LTDA,Cercos,COOPERATIVA DE ELETRIFICAÇÃO E DESENVOLVIMENTO RURAL CENTRO SUL DE SERGIPE LTDA,Cercos — COOPERATIVA DE ELETRIFICAÇÃO E DESENVOLVIMENTO RURAL CENTRO SUL DE SERGIPE LTDA,1,False
cerej,Grupo Cerej,cerej,Cerej,COOPERATIVA DE PRESTAÇÃO DE SERVIÇOS PÚBLICOS DE DISTRIBUIÇÃO DE ENERGIA ELÉTRICA SENADOR ESTEVES JÚNIOR,Cerej,COOPERATIVA DE PRESTAÇÃO DE SERVIÇOS PÚBLICOS DE DISTRIBUIÇÃO DE ENERGIA ELÉTRICA SENADOR ESTEVES JÚNIOR,Cerej — COOPERATIVA DE PRESTAÇÃO DE SERVIÇOS PÚBLICOS DE DISTRIBUIÇÃO DE ENERGIA ELÉTRICA SENADOR ESTEVES JÚNIOR,1,False
ceres,Grupo Ceres,ceres,Ceres,COOPERATIVA DE ELETRIFICAÇÃO RURAL DE RESENDE LTDA.,Ceres,COOPERATIVA DE ELETRIFICAÇÃO RURAL DE RESENDE LTDA.,Ceres — COOPERATIVA DE ELETRIFICAÇÃO RURAL DE RESENDE LTDA.,1,False
cerfox,Grupo Cerfox,cerfox,Cerfox,COOPERATIVA DE DISTRIBUIÇÃO DE ENERGIA FONTOURA XAVIER,Cerfox,COOPERATIVA DE DISTRIBUIÇÃO DE ENERGIA FONTOURA XAVIER,Cerfox — COOPERATIVA DE DISTRIBUIÇÃO DE ENERGIA FONTOURA XAVIER,1,False
cergal,Grupo Cergal,cergal,Cergal,COOPERATIVA DE ELETRIFICAÇÃO RURAL ANITA GARIBALDI LTDA,Cergal,COOPERATIVA DE ELETRIFICAÇÃO RURAL ANITA GARIBALDI LTDA,Cergal — COOPERATIVA DE ELETRIFICAÇÃO RURAL ANITA GARIBALDI LTDA,1,False
cergapa,Grupo Cergapa,cergapa,Cergapa,COOPERATIVA DE ELETRICIDADE DE GRÃO PARÁ,Cergapa,COOPERATIVA DE ELETRICIDADE DE GRÃO PARÁ,Cergapa — COOPERATIVA DE ELETRICIDADE DE GRÃO PARÁ,1,False
cergral,Grupo Cergral,cergral,Cergral,COOPERATIVA DE ELETRICIDADE DE GRAVATAL,Cergral,COOPERATIVA DE ELETRICIDADE DE GRAVATAL,Cergral — COOPERATIVA DE ELETRICIDADE DE GRAVATAL,1,False
ceriluz,Grupo Ceriluz,ceriluz,Ceriluz,COOPERATIVA REGIONAL DE ENERGIA E DESENVOLVIMENTO IJUÍ LTDA,Ceriluz,COOPERATIVA REGIONAL DE ENERGIA E DESENVOLVIMENTO IJUÍ LTDA,Ceriluz — COOPERATIVA REGIONAL DE ENERGIA E DESENVOLVIMENTO IJUÍ LTDA,1,False
cerim,Grupo Cerim,cerim,Cerim,COOPERATIVA DE ELETRIFICAÇÃO E DESENVOLVIMENTO DA REGIÃO DE ITU-MAIRINQUE,Cerim,COOPERATIVA DE ELETRIFICAÇÃO E DESENVOLVIMENTO DA REGIÃO DE ITU-MAIRINQUE,Cerim — COOPERATIVA DE ELETRIFICAÇÃO E DESENVOLVIMENTO DA REGIÃO DE ITU-MAIRINQUE,1,False
ceripa,Grupo Ceripa,ceripa,Ceripa,COOPERATIVA DE ELETRIFICAÇÃO RURAL DE ITAÍ-PARANAPANEMA-AVARÉ,Ceripa,COOPERATIVA DE ELETRIFICAÇÃO RURAL DE ITAÍ-PARANAPANEMA-AVARÉ,Ceripa — COOPERATIVA DE ELETRIFICAÇÃO RURAL DE ITAÍ-PARANAPANEMA-AVARÉ,1,False
ceris,Grupo Ceris,ceris,Ceris,COOPERATIVA DE ELETRIFICAÇÃO RURAL DA REGIÃO DE ITAPECERICA DA SERRA,Ceris,COOPERATIVA DE ELETRIFICAÇÃO RURAL DA REGIÃO DE ITAPECERICA DA SERRA,Ceris — COOPERATIVA DE ELETRIFICAÇÃO RURAL DA REGIÃO DE ITAPECERICA DA SERRA,1,False
cermc,Grupo Cermc,cermc,Cermc,COOPERATIVA DE ELETRIFICAÇÃO E DESENVOLVIMENTO DA REGIÃO DE MOGI DAS CRUZES,Cermc,COOPERATIVA DE ELETRIFICAÇÃO E DESENVOLVIMENTO DA REGIÃO DE MOGI DAS CRUZES,Cermc — COOPERATIVA DE ELETRIFICAÇÃO E DESENVOLVIMENTO DA REGIÃO DE MOGI DAS CRUZES,1,False
cermissoes,Grupo Cermissoes,cermissoes,Cermissões,COOPERATIVA DE DISTRIBUIÇÃO E GERAÇÃO DE ENERGIA DAS MISSÕES,Cermissões,COOPERATIVA DE DISTRIBUIÇÃO E GERAÇÃO DE ENERGIA DAS MISSÕES,Cermissões — COOPERATIVA DE DISTRIBUIÇÃO E GERAÇÃO DE ENERGIA DAS MISSÕES,1,False
cermoful,Grupo Cermoful,cermoful,Cermoful,COOPERATIVA FUMACENSE DE ELETRICIDADE,Cermoful,COOPERATIVA FUMACENSE DE ELETRICIDADE,Cermoful — COOPERATIVA FUMACENSE DE ELETRICIDADE,1,False
cernhe,Grupo Cernhe,cernhe,Cernhe,COOPERATIVA DE ELETRIFICAÇÃO E DESENVOLVIMENTO RURAL DA REGIÃO DE NOVO HORIZONTE,Cernhe,COOPERATIVA DE ELETRIFICAÇÃO E DESENVOLVIMENTO RURAL DA REGIÃO DE NOVO HORIZONTE,Cernhe — COOPERATIVA DE ELETRIFICAÇÃO E DESENVOLVIMENTO RURAL DA REGIÃO DE NOVO HORIZONTE,1,False
cerpalo,Grupo Cerpalo,cerpalo,Cerpalo,COOPERATIVA DE ELETRIFICAÇÃO DE PAULO LOPES,Cerpalo,COOPERATIVA DE ELETRIFICAÇÃO DE PAULO LOPES,Cerpalo — COOPERATIVA DE ELETRIFICAÇÃO DE PAULO LOPES,1,False
cerpro,Grupo Cerpro,cerpro,Cerpro,COOPERATIVA DE ELETRIFICAÇÃO RURAL DA REGIÃO DE PROMISSÃO,Cerpro,COOPERATIVA DE ELETRIFICAÇÃO RURAL DA REGIÃO DE PROMISSÃO,Cerpro — COOPERATIVA DE ELETRIFICAÇÃO RURAL DA REGIÃO DE PROMISSÃO,1,False
cerrp,Grupo Cerrp,cerrp,Cerrp,COOPERATIVA DE ELETRIFICAÇÃO E DESENVOLVIMENTO DA REGIÃO DE SÃO JOSÉ DO RIO PRETO,Cerrp,COOPERATIVA DE ELETRIFICAÇÃO E DESENVOLVIMENTO DA REGIÃO DE SÃO JOSÉ DO RIO PRETO,Cerrp — COOPERATIVA DE ELETRIFICAÇÃO E DESENVOLVIMENTO DA REGIÃO DE SÃO JOSÉ DO RIO PRETO,1,False
cersad,Grupo Cersad,cersad,Cersad,COOPERATIVA DE DISTRIBUIÇÃO DE ENERGIA ELÉTRICA SALTO DONNER,Cersad,COOPERATIVA DE DISTRIBUIÇÃO DE ENERGIA ELÉTRICA SALTO DONNER,Cersad — COOPERATIVA DE DISTRIBUIÇÃO DE ENERGIA ELÉTRICA SALTO DONNER,1,False
cersul,Grupo Cersul,cersul,Cersul,COOPERATIVA DE DISTRIBUIÇÃOI DE ENERGIA,Cersul,COOPERATIVA DE DISTRIBUIÇÃOI DE ENERGIA,Cersul — COOPERATIVA DE DISTRIBUIÇÃOI DE ENERGIA,1,False
certaja,Grupo Certaja,certaja_energia,Certaja Energia,COOPERATIVA REGIONAL DE ENERGIA TAQUARI JACUÍ,Certaja Energia,COOPERATIVA REGIONAL DE ENERGIA TAQUARI JACUÍ,Certaja Energia — COOPERATIVA REGIONAL DE ENERGIA TAQUARI JACUÍ,1,False
certel,Grupo Certel,certel_energia,Certel Energia,COOPERATIVA DE DISTRIBUIÇÃO DE ENERGIA TEUTÔNIA,Certel Energia,COOPERATIVA DE DISTRIBUIÇÃO DE ENERGIA TEUTÔNIA,Certel Energia — COOPERATIVA DE DISTRIBUIÇÃO DE ENERGIA TEUTÔNIA,1,False
certhil,Grupo Certhil,certhil,Certhil,COOPERATIVA DE DISTRIBUIÇÃO DE ENERGIA ENTRE RIOS LTDA,Certhil,COOPERATIVA DE DISTRIBUIÇÃO DE ENERGIA ENTRE RIOS LTDA,Certhil — COOPERATIVA DE DISTRIBUIÇÃO DE ENERGIA ENTRE RIOS LTDA,1,False
certrel,Grupo Certrel,certrel,Certrel,COOPERATIVA DE ENERGIA TREVISO,Certrel,COOPERATIVA DE ENERGIA TREVISO,Certrel — COOPERATIVA DE ENERGIA TREVISO,1,False
cervam,Grupo Cervam,cervam,Cervam,COOPERATIVA DE ENERGIZAÇÃO E DE DESENVOLVIMENTO DO VALE DO MOGI,Cervam,COOPERATIVA DE ENERGIZAÇÃO E DE DESENVOLVIMENTO DO VALE DO MOGI,Cervam — COOPERATIVA DE ENERGIZAÇÃO E DE DESENVOLVIMENTO DO VALE DO MOGI,1,False
cetril,Grupo Cetril,cetril,Cetril,COOPERATIVA DE ELETRIFICAÇÃO DE IBIÚNA E REGIÃO,Cetril,COOPERATIVA DE ELETRIFICAÇÃO DE IBIÚNA E REGIÃO,Cetril — COOPERATIVA DE ELETRIFICAÇÃO DE IBIÚNA E REGIÃO,1,False
chesp,Grupo Chesp,chesp,Chesp,COMPANHIA HIDROELÉTRICA SÃO PATRÍCIO,Chesp,COMPANHIA HIDROELÉTRICA SÃO PATRÍCIO,Chesp — COMPANHIA HIDROELÉTRICA SÃO PATRÍCIO,1,False
cocel,Grupo Cocel,cocel,Cocel,COMPANHIA CAMPOLARGUENSE DE ENERGIA,Cocel,COMPANHIA CAMPOLARGUENSE DE ENERGIA,Cocel — COMPANHIA CAMPOLARGUENSE DE ENERGIA,1,False
codesam,Grupo Codesam,codesam,Codesam,COOPERATIVA DE DISTRIBUIÇÃO DE ENERGIA ELÉTRICA DE SANTA MARIA,Codesam,COOPERATIVA DE DISTRIBUIÇÃO DE ENERGIA ELÉTRICA DE SANTA MARIA,Codesam — COOPERATIVA DE DISTRIBUIÇÃO DE ENERGIA ELÉTRICA DE SANTA MARIA,1,False
coopera,Grupo Coopera,coopera,Coopera,COOPERATIVA PIONEIRA DE ELETRIFICAÇÃO,Coopera,COOPERATIVA PIONEIRA DE ELETRIFICAÇÃO,Coopera — COOPERATIVA PIONEIRA DE ELETRIFICAÇÃO,1,False
cooperalianca,Grupo Cooperalianca,cooperalianca,Cooperaliança,COOPERATIVA ALIANÇA,Cooperaliança,COOPERATIVA ALIANÇA,Cooperaliança — COOPERATIVA ALIANÇA,1,False
coopercocal,Grupo Coopercocal,coopercocal,Coopercocal,COOPERATIVA ENERGÉTICA COCAL,Coopercocal,COOPERATIVA ENERGÉTICA COCAL,Coopercocal — COOPERATIVA ENERGÉTICA COCAL,1,False
cooperluz,Grupo Cooperluz,cooperluz,Cooperluz,COOPERATIVA DISTRIBUIDORA DE ENERGIA FRONTEIRA NOROESTE,Cooperluz,COOPERATIVA DISTRIBUIDORA DE ENERGIA FRONTEIRA NOROESTE,Cooperluz — COOPERATIVA DISTRIBUIDORA DE ENERGIA FRONTEIRA NOROESTE,1,False
coopermila,Grupo Coopermila,coopermila,Coopermila,COOPERATIVA DE ELETRIFICAÇÃO LAURO MÜLLER,Coopermila,COOPERATIVA DE ELETRIFICAÇÃO LAURO MÜLLER,Coopermila — COOPERATIVA DE ELETRIFICAÇÃO LAURO MÜLLER,1,False
coopernorte,Grupo Coopernorte,coopernorte,Coopernorte,COOPERATIVA REGIONAL DE DISTRIBUIÇÃO DE ENERGIA DO LITORAL NORTE,Coopernorte,COOPERATIVA REGIONAL DE DISTRIBUIÇÃO DE ENERGIA DO LITORAL NORTE,Coopernorte — COOPERATIVA REGIONAL DE DISTRIBUIÇÃO DE ENERGIA DO LITORAL NORTE,1,False
coopersul,Grupo Coopersul,coopersul,Coopersul,COOPERATIVA REGIONAL DE ELETRIFICAÇÃO RURAL FRONTEIRA SUL LTDA,Coopersul,COOPERATIVA REGIONAL DE ELETRIFICAÇÃO RURAL FRONTEIRA SUL LTDA,Coopersul — COOPERATIVA REGIONAL DE ELETRIFICAÇÃO RURAL FRONTEIRA SUL LTDA,1,False
cooperzem,Grupo Cooperzem,cooperzem,Cooperzem,COOPERZEM COOPERATIVA DE DISTRIBUIÇÃO DE ENERGIA ELÉTRICA,Cooperzem,COOPERZEM COOPERATIVA DE DISTRIBUIÇÃO DE ENERGIA ELÉTRICA,Cooperzem — COOPERZEM COOPERATIVA DE DISTRIBUIÇÃO DE ENERGIA ELÉTRICA,1,False
coorsel,Grupo Coorsel,coorsel,Coorsel,COOPERATIVA REGIONAL SUL DE ELETRIFICAÇÃO RURAL,Coorsel,COOPERATIVA REGIONAL SUL DE ELETRIFICAÇÃO RURAL,Coorsel — COOPERATIVA REGIONAL SUL DE ELETRIFICAÇÃO RURAL,1,False
copel_dis,Grupo Copel DIS,copel_dis,Copel-Dis,COPEL DISTRIBUIÇÃO S.A.,Copel-Dis,COPEL DISTRIBUIÇÃO S.A.,Copel-Dis — COPEL DISTRIBUIÇÃO S.A.,1,False
coprel,Grupo Coprel,coprel,Coprel,COPREL COOPERATIVA DE ENERGIA,Coprel,COPREL COOPERATIVA DE ENERGIA,Coprel — COPREL COOPERATIVA DE ENERGIA,1,False
cpfl,Grupo CPFL,cpfl_santa_cruz,CPFL Santa Cruz,COMPANHIA JAGUARI DE ENERGIA - CPFL SANTA CRUZ,CPFL Santa Cruz,COMPANHIA JAGUARI DE ENERGIA - CPFL SANTA CRUZ,CPFL Santa Cruz — COMPANHIA JAGUARI DE ENERGIA - CPFL SANTA CRUZ,3,True
cpfl,Grupo CPFL,cpfl_paulista,CPFL Paulista,COMPANHIA PAULISTA DE FORÇA E LUZ,CPFL Paulista,COMPANHIA PAULISTA DE FORÇA E LUZ,CPFL Paulista — COMPANHIA PAULISTA DE FORÇA E LUZ,3,True
cpfl,Grupo CPFL,cpfl_piratininga,CPFL Piratininga,COMPANHIA PIRATININGA DE FORÇA E LUZ,CPFL Piratininga,COMPANHIA PIRATININGA DE FORÇA E LUZ,CPFL Piratininga — COMPANHIA PIRATININGA DE FORÇA E LUZ,3,True
creluz_d,Grupo Creluz D,creluz_d,Creluz-D,COOPERATIVA DE DISTRIBUIÇÃO DE ENERGIA,Creluz-D,COOPERATIVA DE DISTRIBUIÇÃO DE ENERGIA,Creluz-D — COOPERATIVA DE DISTRIBUIÇÃO DE ENERGIA,1,False
creral,Grupo Creral,creral,Creral,COOPERATIVA REGIONAL DE ELETRIFICAÇÃO RURAL DO ALTO URUGUAI,Creral,COOPERATIVA REGIONAL DE ELETRIFICAÇÃO RURAL DO ALTO URUGUAI,Creral — COOPERATIVA REGIONAL DE ELETRIFICAÇÃO RURAL DO ALTO URUGUAI,1,False
dcelt,Grupo Dcelt,dcelt,Dcelt,DISTRIBUIDORA CATARINENSE DE ENERGIA ELÉTRICA S/A.,Dcelt,DISTRIBUIDORA CATARINENSE DE ENERGIA ELÉTRICA S/A.,Dcelt — DISTRIBUIDORA CATARINENSE DE ENERGIA ELÉTRICA S/A.,1,False
demei,Grupo Demei,demei,Demei,DEPARTAMENTO MUNICIPAL DE ENERGIA DE IJUÍ,Demei,DEPARTAMENTO MUNICIPAL DE ENERGIA DE IJUÍ,Demei — DEPARTAMENTO MUNICIPAL DE ENERGIA DE IJUÍ,1,False
dmed,Grupo DMED,dmed,Dmed,DME DISTRIBUIÇÃO S.A.,Dmed,DME DISTRIBUIÇÃO S.A.,Dmed — DME DISTRIBUIÇÃO S.A.,1,False
edp,Grupo EDP,edp_es,EDP ES,EDP ESPÍRITO SANTO DISTRIBUIÇÃO DE ENERGIA S.A.,EDP ES,EDP ESPÍRITO SANTO DISTRIBUIÇÃO DE ENERGIA S.A.,EDP ES — EDP ESPÍRITO SANTO DISTRIBUIÇÃO DE ENERGIA S.A.,2,True
edp,Grupo EDP,edp_sp,EDP SP,EDP SÃO PAULO DISTRIBUIÇÃO DE ENERGIA S.A.,EDP SP,EDP SÃO PAULO DISTRIBUIÇÃO DE ENERGIA S.A.,EDP SP — EDP SÃO PAULO DISTRIBUIÇÃO DE ENERGIA S.A.,2,True
eflul,Grupo Eflul,eflul,Eflul,EMPRESA FORÇA E LUZ DE URUSSANGA LTDA.,Eflul,EMPRESA FORÇA E LUZ DE URUSSANGA LTDA.,Eflul — EMPRESA FORÇA E LUZ DE URUSSANGA LTDA.,1,False
eletrocar,Grupo Eletrocar,eletrocar,Eletrocar,CENTRAIS ELÉTRICAS DE CARAZINHO S.A.,Eletrocar,CENTRAIS ELÉTRICAS DE CARAZINHO S.A.,Eletrocar — CENTRAIS ELÉTRICAS DE CARAZINHO S.A.,1,False
enel,Grupo ENEL,enel_rj,Enel RJ,AMPLA ENERGIA E SERVIÇOS S.A.,Enel RJ,AMPLA ENERGIA E SERVIÇOS S.A.,Enel RJ — AMPLA ENERGIA E SERVIÇOS S.A.,4,True
enel,Grupo ENEL,enel_ce,Enel CE,COMPANHIA ENERGÉTICA DO CEARÁ,Enel CE,COMPANHIA ENERGÉTICA DO CEARÁ,Enel CE — COMPANHIA ENERGÉTICA DO CEARÁ,4,True
enel,Grupo ENEL,enel_sp,Enel SP,ELETROPAULO METROPOLITANA ELETRICIDADE DE SÃO PAULO S.A.,Enel SP,ELETROPAULO METROPOLITANA ELETRICIDADE DE SÃO PAULO S.A.,Enel SP — ELETROPAULO METROPOLITANA ELETRICIDADE DE SÃO PAULO S.A.,4,True
enel,Grupo ENEL,enel_go,Enel GO,EQUATORIAL GOIÁS DISTRIBUIDORA DE ENERGIA S.A.,Enel GO,EQUATORIAL GOIÁS DISTRIBUIDORA DE ENERGIA S.A.,Enel GO — EQUATORIAL GOIÁS DISTRIBUIDORA DE ENERGIA S.A.,4,True
energisa,Grupo Energisa,energisa_ac,Energisa AC,ENERGISA ACRE - DISTRIBUIDORA DE ENERGIA S.A.,Energisa AC,ENERGISA ACRE - DISTRIBUIDORA DE ENERGIA S.A.,Energisa AC — ENERGISA ACRE - DISTRIBUIDORA DE ENERGIA S.A.,9,True
energisa,Grupo Energisa,energisa_mt,Energisa MT,ENERGISA MATO GROSSO DISTRIBUIDORA DE ENERGIA S.A.,Energisa MT,ENERGISA MATO GROSSO DISTRIBUIDORA DE ENERGIA S.A.,Energisa MT — ENERGISA MATO GROSSO DISTRIBUIDORA DE ENERGIA S.A.,9,True
energisa,Grupo Energisa,energisa_ms,Energisa MS,ENERGISA MATO GROSSO DO SUL DISTRIBUIDORA DE ENERGIA S.A.,Energisa MS,ENERGISA MATO GROSSO DO SUL DISTRIBUIDORA DE ENERGIA S.A.,Energisa MS — ENERGISA MATO GROSSO DO SUL DISTRIBUIDORA DE ENERGIA S.A.,9,True
energisa,Grupo Energisa,energisa_minas_rio,Energisa Minas Rio,ENERGISA MINAS RIO - DISTRIBUIDORA DE ENERGIA S.A.,Energisa Minas Rio,ENERGISA MINAS RIO - DISTRIBUIDORA DE ENERGIA S.A.,Energisa Minas Rio — ENERGISA MINAS RIO - DISTRIBUIDORA DE ENERGIA S.A.,9,True
energisa,Grupo Energisa,energisa_pb,Energisa PB,ENERGISA PARAÍBA DISTRIBUIDORA DE ENERGIA S.A.,Energisa PB,ENERGISA PARAÍBA DISTRIBUIDORA DE ENERGIA S.A.,Energisa PB — ENERGISA PARAÍBA DISTRIBUIDORA DE ENERGIA S.A.,9,True
energisa,Grupo Energisa,energisa_ro,Energisa RO,ENERGISA RONDÔNIA DISTRIBUIDORA DE ENERGIA S.A.,Energisa RO,ENERGISA RONDÔNIA DISTRIBUIDORA DE ENERGIA S.A.,Energisa RO — ENERGISA RONDÔNIA DISTRIBUIDORA DE ENERGIA S.A.,9,True
energisa,Grupo Energisa,energisa_se,Energisa SE,ENERGISA SERGIPE DISTRIBUIDORA DE ENERGIA S.A.,Energisa SE,ENERGISA SERGIPE DISTRIBUIDORA DE ENERGIA S.A.,Energisa SE — ENERGISA SERGIPE DISTRIBUIDORA DE ENERGIA S.A.,9,True
energisa,Grupo Energisa,energisa_sul_sudeste,Energisa Sul-Sudeste,ENERGISA SUL-SUDESTE DISTRIBUIDORA DE ENERGIA S.A.,Energisa Sul-Sudeste,ENERGISA SUL-SUDESTE DISTRIBUIDORA DE ENERGIA S.A.,Energisa Sul-Sudeste — ENERGISA SUL-SUDESTE DISTRIBUIDORA DE ENERGIA S.A.,9,True
energisa,Grupo Energisa,energisa_to,Energisa TO,ENERGISA TOCANTINS DISTRIBUIDORA DE ENERGIA S.A.,Energisa TO,ENERGISA TOCANTINS DISTRIBUIDORA DE ENERGIA S.A.,Energisa TO — ENERGISA TOCANTINS DISTRIBUIDORA DE ENERGIA S.A.,9,True
equatorial,Grupo Equatorial,cea_equatorial,CEA Equatorial,COMPANHIA DE ELETRICIDADE DO AMAPA,CEA Equatorial,COMPANHIA DE ELETRICIDADE DO AMAPA,CEA Equatorial — COMPANHIA DE ELETRICIDADE DO AMAPA,6,True
equatorial,Grupo Equatorial,ceee_equatorial,CEEE Equatorial,COMPANHIA ESTADUAL DE DISTRIBUIÇÃO DE ENERGIA ELÉTRICA,CEEE Equatorial,COMPANHIA ESTADUAL DE DISTRIBUIÇÃO DE ENERGIA ELÉTRICA,CEEE Equatorial — COMPANHIA ESTADUAL DE DISTRIBUIÇÃO DE ENERGIA ELÉTRICA,6,True
equatorial,Grupo Equatorial,equatorial_al,Equatorial AL,EQUATORIAL ALAGOAS DISTRIBUIDORA DE ENERGIA S.A.,Equatorial AL,EQUATORIAL ALAGOAS DISTRIBUIDORA DE ENERGIA S.A.,Equatorial AL — EQUATORIAL ALAGOAS DISTRIBUIDORA DE ENERGIA S.A.,6,True
equatorial,Grupo Equatorial,equatorial_ma,Equatorial MA,EQUATORIAL MARANHÃO DISTRIBUIDORA DE ENERGIA S.A.,Equatorial MA,EQUATORIAL MARANHÃO DISTRIBUIDORA DE ENERGIA S.A.,Equatorial MA — EQUATORIAL MARANHÃO DISTRIBUIDORA DE ENERGIA S.A.,6,True
equatorial,Grupo Equatorial,equatorial_pa,Equatorial PA,EQUATORIAL PARÁ DISTRIBUIDORA DE ENERGIA S.A.,Equatorial PA,EQUATORIAL PARÁ DISTRIBUIDORA DE ENERGIA S.A.,Equatorial PA — EQUATORIAL PARÁ DISTRIBUIDORA DE ENERGIA S.A.,6,True
equatorial,Grupo Equatorial,equatorial_pi,Equatorial PI,EQUATORIAL PIAUÍ DISTRIBUIDORA DE ENERGIA S.A.,Equatorial PI,EQUATORIAL PIAUÍ DISTRIBUIDORA DE ENERGIA S.A.,Equatorial PI — EQUATORIAL PIAUÍ DISTRIBUIDORA DE ENERGIA S.A.,6,True
forcel,Grupo Forcel,forcel,Forcel,FORÇA E LUZ CORONEL VIVIDA LTDA,Forcel,FORÇA E LUZ CORONEL VIVIDA LTDA,Forcel — FORÇA E LUZ CORONEL VIVIDA LTDA,1,False
hidropan,Grupo Hidropan,hidropan,Hidropan,HIDROPAN DISTRIBUIÇÃO DE ENERGIA S.A.,Hidropan,HIDROPAN DISTRIBUIÇÃO DE ENERGIA S.A.,Hidropan — HIDROPAN DISTRIBUIÇÃO DE ENERGIA S.A.,1,False
joao,Grupo JOAO,joao_cesa,João Cesa,EMPRESA FORÇA E LUZ JOÃO CESA LTDA.,João Cesa,EMPRESA FORÇA E LUZ JOÃO CESA LTDA.,João Cesa — EMPRESA FORÇA E LUZ JOÃO CESA LTDA.,1,False
light,Grupo Light,light,Light,LIGHT SERVIÇOS DE ELETRICIDADE S.A.,Light,LIGHT SERVIÇOS DE ELETRICIDADE S.A.,Light — LIGHT SERVIÇOS DE ELETRICIDADE S.A.,1,False
mux,Grupo MUX,mux_energia,Mux Energia,"MUXFELDT, MARIN & CIA LTDA",Mux Energia,"MUXFELDT, MARIN & CIA LTDA","Mux Energia — MUXFELDT, MARIN & CIA LTDA",1,False
neoenergia,Grupo Neoenergia,neoenergia_coelba,Neoenergia Coelba,COMPANHIA DE ELETRICIDADE DO ESTADO DA BAHIA,Neoenergia Coelba,COMPANHIA DE ELETRICIDADE DO ESTADO DA BAHIA,Neoenergia Coelba — COMPANHIA DE ELETRICIDADE DO ESTADO DA BAHIA,5,True
neoenergia,Grupo Neoenergia,neoenergia_pernambuco,Neoenergia Pernambuco,COMPANHIA ENERGÉTICA DE PERNAMBUCO,Neoenergia Pernambuco,COMPANHIA ENERGÉTICA DE PERNAMBUCO,Neoenergia Pernambuco — COMPANHIA ENERGÉTICA DE PERNAMBUCO,5,True
neoenergia,Grupo Neoenergia,neoenergia_cosern,Neoenergia Cosern,COMPANHIA ENERGÉTICA DO RIO GRANDE DO NORTE,Neoenergia Cosern,COMPANHIA ENERGÉTICA DO RIO GRANDE DO NORTE,Neoenergia Cosern — COMPANHIA ENERGÉTICA DO RIO GRANDE DO NORTE,5,True
neoenergia,Grupo Neoenergia,neoenergia_elektro,Neoenergia Elektro,ELEKTRO REDES S.A.,Neoenergia Elektro,ELEKTRO REDES S.A.,Neoenergia Elektro — ELEKTRO REDES S.A.,5,True
neoenergia,Grupo Neoenergia,neoenergia_brasilia,Neoenergia Brasília,NEOENERGIA DISTRIBUIÇÃO BRASÍLIA S.A.,Neoenergia Brasília,NEOENERGIA DISTRIBUIÇÃO BRASÍLIA S.A.,Neoenergia Brasília — NEOENERGIA DISTRIBUIÇÃO BRASÍLIA S.A.,5,True
nova,Grupo NOVA,nova_palma,Nova Palma,NOVA PALMA ENERGIA LTDA.,Nova Palma,NOVA PALMA ENERGIA LTDA.,Nova Palma — NOVA PALMA ENERGIA LTDA.,1,False
rge,Grupo RGE,rge,RGE,RGE SUL DISTRIBUIDORA DE ENERGIA S.A.,RGE,RGE SUL DISTRIBUIDORA DE ENERGIA S.A.,RGE — RGE SUL DISTRIBUIDORA DE ENERGIA S.A.,1,False
roraima,Grupo Roraima,roraima_energia,Roraima Energia,RORAIMA ENERGIA S.A.,Roraima Energia,RORAIMA ENERGIA S.A.,Roraima Energia — RORAIMA ENERGIA S.A.,1,False
santa,Grupo Santa,santa_maria,Santa Maria,EMPRESA LUZ E FORÇA SANTA MARIA S.A.,Santa Maria,EMPRESA LUZ E FORÇA SANTA MARIA S.A.,Santa Maria — EMPRESA LUZ E FORÇA SANTA MARIA S.A.,1,False
sulgipe,Grupo Sulgipe,sulgipe,Sulgipe,COMPANHIA SUL SERGIPANA DE ELETRICIDADE,Sulgipe,COMPANHIA SUL SERGIPANA DE ELETRICIDADE,Sulgipe — COMPANHIA SUL SERGIPANA DE ELETRICIDADE,1,False
